sites,group
Arbab's Forest SC,1
Beautiful Mountain,5
Beaver Springs SC,4
Bird Springs,3
Bitter Springs,2
Black Creek SG,1
Black Hat WX,1
Blue Canyon Dam,1
Bluff WX,2
Bodaway Gap,3
Bowl Canyon SC,1
Bowman Park,1
Buffalo Pass,4
Burnham,5
Cameron Chapter,3
Captain Tom Wash SG,1
Coalmine Road,1
Coyote Canyon,5
Crystal SG,1
Crystal WX,1
Dalton Pass,5
Dennehotso,2
Deza Bluff,1
Dilkon O&M,1
Fajada Gap,5
Fluted Rock SC,1
Forest Lake WX,1
Fort Defiance WMB,1
Fort Wingate,1
Gallo,5
Ganado 6 NW,1
Grey Mountain Summit,3
Hardscrabble,1
Hidden Valley SC,1
Houck WX,1
Hubble's TP,1
Inscription House,3
Kayenta PD,3
Klagetoh 9 NE,1
Little White Cone,1
Lower Greasewood,3
Manuelito Chapter House,1
Marsh Pass,3
Mexican Springs,1
Milk Mesa,5
Missionary Spring SC,1
Mount Powell,1
Nageezi,5
NAPI WX,2
Navajo Mountain School,4
Navajo Mountain Summit,4
North Leupp Farm WX,3
Oak Ridge,1
Ojo Encino,5
Oljato Old TP,3
P.I. Valley,5
Pine Springs,1
Pitts Ranch,5
Pueblo Bonito,5
Pueblo Pintado O&M,5
Round Rock,2
Seven Lakes,5
Shabikeschee,5
Sheep Springs WX,1
Shiprock Irrigation,2
Smith Lake,5
South Gap,1
Standing Rock Judy W,5
Steamboat,1
Summit South,1
Summit WX,1
Toadindaaska Mesa,1
Toadlena Fish Hatchery,1
Todachieny Lake,1
Tohatchi Meadow,1
Tohtso,1
Torreon,5
Tsaile Canyon,1
Tsalie Snow Course #1,4
Tsalie Snow Course #3,4
Tuba City O&M,3
Vanderwagon O&M,1
Vicenti Spring,1
War God Springs,4
Warpath Valley,1
Wheatfields WX,1
Whiskey Creek SC,1
White Clay,1
Wide Ruins WX,1
Wind Rock Valley,1
Wood Springs WX,1
Rock Springs,1
Blue Gap,1
